LotArea,BedroomAbvGr,SalePrice
-0.20707075668205202,0.1637230185273326,0.3471542701801007
-0.09185489899357324,0.1637230185273326,0.007285824194667163
0.07345480986380937,0.1637230185273326,0.5359700735053415
-0.09686428411046362,0.1637230185273326,-0.5151045650051659
0.37501979390061035,1.3895466444242823,0.8695446593799337
0.36049257706162824,-2.287924233266567,-0.47734140434011774
-0.043364051062074346,0.1637230185273326,1.587044712015849
-0.013508115765407669,0.1637230185273326,0.24015864829579756
-0.44050810312914385,-1.062100607369617,-0.6422405392441614
-0.3102640900899939,-1.062100607369617,-0.7920344098821858
0.06844542474691898,0.1637230185273326,-0.6472756273328345
0.14098132123949172,1.3895466444242823,2.0653780804397925
0.2455772824801629,-1.062100607369617,-0.464753684118435
0.013542563865800394,0.1637230185273326,1.2408824059195742
0.04039286809233284,-1.062100607369617,-0.3011133212365596
-0.44050810312914385,-1.062100607369617,-0.6158063267786277
0.07255312054276909,-1.062100607369617,-0.4018150830100214
0.027468654490755657,-1.062100607369617,-1.144490576089302
0.31841374207974904,0.1637230185273326,-0.27593788079319415
-0.2962378117627008,0.1637230185273326,-0.5276922852268486
0.370511347295409,1.3895466444242823,1.817399992072643
-0.3073586467221975,0.1637230185273326,-0.5226571971381755
-0.07762824526160456,0.1637230185273326,0.6177902549462793
-0.6304639867616271,0.1637230185273326,-0.6422405392441614
-0.2275090479589648,0.1637230185273326,-0.33887648190160774
0.3720141628304761,0.1637230185273326,0.9488472967765349
-0.3323053846043116,0.1637230185273326,-0.580560710157916
0.0962976059968295,0.1637230185273326,1.5744569917941662
0.5815066484188319,-1.062100607369617,0.334566549958418
-0.4200698118522311,-2.287924233266567,-1.4151265608554806
-0.20206137156516166,0.1637230185273326,-1.7738765871734383
-0.1976531126622981,0.1637230185273326,-0.3974093809324324
0.05331708169391003,0.1637230185273326,-0.012854528160025195
0.00352379363201963,1.3895466444242823,-0.19411769935225642
-0.3209841742401393,-1.062100607369617,1.2157069654762087
0.2906617485321763,1.3895466444242823,1.6122201524592146
0.034281418249726574,0.1637230185273326,-0.4521659638967523
-0.19885536509035182,0.1637230185273326,-0.3514642021232905
-0.2599698635164145,0.1637230185273326,-0.9053238918773303
-0.44852311931616845,-1.062100607369617,-1.2451923378627638
-0.18623171459578805,0.1637230185273326,-0.2633501605715114
0.6400162665841116,-1.062100607369617,-0.13747295835468415
-0.13393373397545244,-1.062100607369617,-0.464753684118435
-0.1319299799286963,0.1637230185273326,-0.6378348371665724
-0.2576655463626449,0.1637230185273326,-0.5025168447834831
-0.2864194169335957,-1.062100607369617,1.7494263028755561
0.23094987793884297,-2.287924233266567,0.7397149130134981
0.058025903703786984,0.1637230185273326,0.8657683433134289
-0.6072204398192558,-1.062100607369617,-0.8549730109905994
-0.2780036499372198,0.1637230185273326,-0.6787449278870413
0.33584640228652757,0.1637230185273326,-0.04935891680290509
-0.4284855788486069,0.1637230185273326,-0.8360914306580753
-0.20486662723062027,-1.062100607369617,-0.8927361716556476
3.9828791427874015,-3.5137478591635167,2.5688868893071013
-0.33891777295860687,0.1637230185273326,-0.6409817672219931
-0.03424697014933385,0.1637230185273326,-0.00530189602701556
-0.7886603687530254,0.1637230185273326,-0.10600365780047735
0.11302895228724338,0.1637230185273326,0.19610162751990803
0.31711130194935755,0.1637230185273326,3.2458544828291984
-0.3323053846043116,-1.062100607369617,-0.705179140352575
0.2559968035232949,0.1637230185273326,-0.28852560101487684
-0.3323053846043116,0.1637230185273326,-1.006025653650792
-0.4082476629763698,-1.062100607369617,0.27162794885000435
-0.021723507357107895,0.1637230185273326,-0.5151045650051659
-0.11439713201957996,0.1637230185273326,0.4856191926186107
-0.09275658831461352,1.3895466444242823,1.7129219142326764
0.9400784350858454,0.1637230185273326,-0.011595756137856923
0.014845003996191894,0.1637230185273326,0.5674393740595484
-0.591991909063909,-1.062100607369617,-1.2703677783061293
0.508570001116908,0.1637230185273326,0.5548516538378656
0.3140054831768855,0.1637230185273326,0.7940183380498375
-0.29233049137152634,-1.062100607369617,-0.6472756273328345
-0.03765335202881931,0.1637230185273326,0.051342844970556696
-0.03174227759088866,0.1637230185273326,-0.4534247359189205
-0.4735700449006203,0.1637230185273326,-0.9254642442320227
-0.8937572685053856,-1.062100607369617,-1.1319028558676194
-0.20456606412360684,-1.062100607369617,-0.5686023759473174
-0.1885360317495576,-1.062100607369617,-0.6787449278870413
0.026166214360364155,1.3895466444242823,-0.5591615857810555
-0.007697229029814825,-1.062100607369617,-0.8927361716556476
0.24878328895497273,1.3895466444242823,0.15833846685485986
-0.6028121809163922,-1.062100607369617,-0.3451703420124491
-0.03114115137686181,0.1637230185273326,0.8066060582715201
-0.16278779224874104,0.1637230185273326,-0.6850387879978826
-0.19905574049502742,0.1637230185273326,-0.15635453868720825
0.5552574704063263,1.3895466444242823,0.995421861596761
0.1396788811091002,0.1637230185273326,-0.08712207746795327
-0.6578152294998486,-1.062100607369617,-0.20670541957393915
-0.20506700263529587,-1.062100607369617,-1.2074291771977157
-0.24514208357041894,0.1637230185273326,-0.7215431766407625
-0.3323053846043116,-1.062100607369617,-0.8939949436778158
-0.20206137156516166,-1.062100607369617,-1.0362361821828308
0.2848508617965835,-1.062100607369617,-0.21929313979562187
-0.3323053846043116,1.3895466444242823,-0.5918896583574305
-0.11820426470841665,0.1637230185273326,0.2999503193487905
-0.07532392810783498,0.1637230185273326,0.051342844970556696
-0.02533026464126897,0.1637230185273326,0.41638673139935567
0.04049305579467065,0.1637230185273326,-1.0846989050363092
0.010837495902679588,-1.062100607369617,-1.2326046176410812
-0.11990745564815938,0.1637230185273326,-0.65419887345476
0.00863336645124782,0.1637230185273326,0.3030972494042112
-0.13132885371466946,0.1637230185273326,-0.03677119658122237
-0.35053954642979257,1.3895466444242823,-0.7798998475884836
-0.011504361718651516,0.1637230185273326,0.22631215605194657
-0.2764006466998149,1.3895466444242823,-0.14376681846552553
-0.11439713201957996,0.1637230185273326,0.8695446593799337
0.028370343811795925,-1.062100607369617,-1.0186133738724747
-0.45253062740968075,-1.062100607369617,-0.829797570547234
-0.20206137156516166,0.1637230185273326,-0.829797570547234
0.12364884873505098,0.1637230185273326,0.11428144607897031
-0.09936897666890881,1.3895466444242823,-0.5541264976923823
-0.27720214831851736,0.1637230185273326,-0.011595756137856923
-0.05528638764027345,1.3895466444242823,2.5559215374787683
1.0502849076574339,0.1637230185273326,0.45414989206440387
-0.32639431016638093,0.1637230185273326,0.9891280014859196
-0.7300505628854079,-1.062100607369617,-0.06194663702458782
0.11012350891944696,0.1637230185273326,-0.5276922852268486
-0.19845461428100059,-1.062100607369617,-0.32628876167992504
0.18626616269618076,2.615370270321232,1.7506850748977245
-0.20596869195633613,0.1637230185273326,-0.21312515688699735
1.0956699368164606,-2.287924233266567,-0.011595756137856923
-0.44651936526941227,0.1637230185273326,-1.0186133738724747
-0.10548042651151508,0.1637230185273326,-0.5654554458918968
-0.2629754945865487,-1.062100607369617,-0.340135253923776
0.653842169506729,0.1637230185273326,0.0009919640838258015
-0.3743842195861908,-1.062100607369617,-1.213723037308557
-0.5599318443158106,-1.062100607369617,-0.6661572076653586
-0.6140332035782267,0.1637230185273326,-1.1822537367543502
-0.2932321806925666,0.1637230185273326,-0.32628876167992504
-0.15467258835937864,0.1637230185273326,-0.38922736278833864
0.3690085317603419,1.3895466444242823,0.5674393740595484
0.17103763194083402,0.1637230185273326,0.7940183380498375
-0.31347009656480374,0.1637230185273326,-0.3797865726220766
-0.3670705173155308,-1.062100607369617,0.491913052729452
-0.018216937775284627,0.1637230185273326,-0.011595756137856923
-0.011704737123327131,0.1637230185273326,-0.08712207746795327
-0.016213183728528476,0.1637230185273326,-0.47734140434011774
0.05542102344300399,2.615370270321232,-0.12488523813300144
-0.14535513204196251,0.1637230185273326,0.6177902549462793
0.4918386548264941,0.1637230185273326,0.6366718352788033
-0.001685966889546367,0.1637230185273326,-0.829797570547234
0.11302895228724338,0.1637230185273326,0.995421861596761
-0.2000576175184055,1.3895466444242823,-0.18782383924141505
-0.018216937775284627,0.1637230185273326,0.2905095291825284
-0.14194875016247707,3.841193896218182,-0.7039203683304067
-0.8009834561405758,0.1637230185273326,-0.6409817672219931
-0.44050810312914385,-1.062100607369617,-0.9556747727640612
-0.10137273071566497,0.1637230185273326,0.5233823532836589
-0.3022490739029693,0.1637230185273326,-0.5025168447834831
-0.4284855788486069,0.1637230185273326,-0.829797570547234
-0.01611299602619067,0.1637230185273326,-0.7416835289954549
0.33805053173795935,-1.062100607369617,2.4103067899543427
0.4294217162700399,1.3895466444242823,0.11428144607897031
0.29887714012387656,-2.287924233266567,0.6807288560546929
0.08247170307421205,1.3895466444242823,-0.7039203683304067
-0.09185489899357324,-1.062100607369617,-1.282955498527812
-0.3323053846043116,-1.062100607369617,-0.899030031766489
0.14889614972417853,1.3895466444242823,1.115005203702747
0.20389919830763492,0.1637230185273326,0.9312244884661791
0.8877804544655099,1.3895466444242823,1.7506850748977245
0.06043040855989437,0.1637230185273326,-0.2318808600173046
0.3177124281633844,0.1637230185273326,2.9150491954033764
0.1668297484426461,0.1637230185273326,0.491913052729452
-0.5026244785785846,-2.287924233266567,-0.9783326691630901
-0.5126432488123653,0.1637230185273326,-0.3640519223449732
-0.04115992161064258,1.3895466444242823,-0.6724510677761999
0.019153075196717623,-1.062100607369617,0.11428144607897031
0.0045256706553977065,0.1637230185273326,1.8214784134244681
-0.2277094233636404,0.1637230185273326,0.03246126463803261
0.616371968832389,-1.062100607369617,0.5926148145029139
0.18446278405410022,-1.062100607369617,-0.6598633475545173
2.1293064618356223,0.1637230185273326,0.4289744516210384
-0.5220608928321192,-1.062100607369617,0.7310797369414238
-0.03204284069790208,0.1637230185273326,-0.22558699990646322
0.19027367078969307,0.1637230185273326,0.03875512474887397
0.2102110235549168,1.3895466444242823,0.7814306178281547
-0.04887437469065377,1.3895466444242823,0.3786235707343075
0.3139052954745477,1.3895466444242823,-0.10600365780047735
0.6919134963950959,-2.287924233266567,4.039598356847846
-0.2000576175184055,-1.062100607369617,-1.0186133738724747
-0.8415594755873879,0.1637230185273326,-0.04935891680290509
-0.2934325560972422,1.3895466444242823,0.24141742031796584
-0.14595625825598937,0.1637230185273326,-0.7668589694388204
0.09108784547526351,0.1637230185273326,0.24015864829579756
-0.30846071144791337,0.1637230185273326,-0.6787449278870413
1.2456509272161587,1.3895466444242823,3.701781709258547
-0.057089766282353994,0.1637230185273326,-0.09970979768963599
-0.010702860099949054,0.1637230185273326,-0.5780431661135795
-0.35053954642979257,-1.062100607369617,-0.3472221404085834
-0.5604327828274995,-3.5137478591635167,1.3227025873605118
0.005327172274100168,0.1637230185273326,1.6877464737893109
-0.3050543295684279,1.3895466444242823,0.03875512474887397
-0.1502643294565151,0.1637230185273326,0.13945688652233576
-0.8009834561405758,0.1637230185273326,-0.6409817672219931
-0.3343091386510677,0.1637230185273326,-0.6787449278870413
-0.8252288801063251,0.1637230185273326,-0.4081089431208627
-0.11028943622372984,0.1637230185273326,1.6483720849358872
1.4930143642882059,1.3895466444242823,0.6807288560546929
-0.5006207245318284,2.615370270321232,-0.968262492985744
-0.09275658831461352,0.1637230185273326,1.1829788928998335
-0.1974527372576225,-1.062100607369617,-0.5151045650051659
-0.03925635526622423,0.1637230185273326,-0.11859137802216008
-0.3523429250718731,-1.062100607369617,-0.8675607312122822
-0.6090238184613362,-2.287924233266567,-0.4018150830100214
-0.7029998832541998,-1.062100607369617,-0.8927361716556476
0.13366761896883175,0.1637230185273326,-0.00530189602701556
0.31620961262831726,0.1637230185273326,-0.46601245614060327
0.19798812386970427,0.1637230185273326,-0.5025168447834831
0.38543931494374234,0.1637230185273326,1.2094131053653674
-0.22710829714961356,0.1637230185273326,-0.4521659638967523
-0.49220495753545257,-1.062100607369617,-1.0437888143158403
-0.009700983076570979,0.1637230185273326,0.06393056519223943
-0.18803509323786857,0.1637230185273326,0.9032545741336001
0.30568990388284745,0.1637230185273326,-0.3137010414582423
0.03838911404557669,0.1637230185273326,-0.24132165018356663
-0.050677753332734304,-1.062100607369617,-0.584966412235505
-0.20707075668205202,0.1637230185273326,0.36603585051262477
-0.061197462078204104,0.1637230185273326,-0.9304993323206958
0.5152825771735411,0.1637230185273326,1.6436894530134212
-0.7520918573997256,-1.062100607369617,-0.17221506616652849
-0.15296939741963592,-1.062100607369617,0.3018384773820429
-0.24534245897509455,1.3895466444242823,0.24015864829579756
0.09599704288981609,0.1637230185273326,-0.012854528160025195
-0.001685966889546367,-1.062100607369617,-1.0563765345375231
0.2960718844584179,0.1637230185273326,2.5846215395842047
-0.8853415015090097,0.1637230185273326,-0.8675607312122822
-0.05678920317534057,1.3895466444242823,1.3730534682472426
-0.8664060257671641,-1.062100607369617,-0.9430870525423785
-0.19995742981606768,0.1637230185273326,-0.7039203683304067
-0.7348595725976227,-1.062100607369617,0.14575074663317714
-0.17601256895733167,0.1637230185273326,-0.4144028032317041
0.46298459655320545,1.3895466444242823,2.7954658532973906
-0.8853415015090097,-1.062100607369617,-1.0878458350917297
0.013342188461124779,0.1637230185273326,-0.663639663621022
-0.2670831903823988,1.3895466444242823,0.4478560319535625
-0.8853415015090097,-1.062100607369617,-1.1507844362001434
-0.17471012882694015,0.1637230185273326,0.05763670508139806
-0.10658249123723097,0.1637230185273326,0.17092618707654259
0.1516012176872993,0.1637230185273326,1.725509634454359
-0.17791613530175002,0.1637230185273326,-0.8549730109905994
-0.15196752039625783,0.1637230185273326,1.0268911621509678
-0.6649285563658329,-1.062100607369617,-0.8864423115448062
-0.5527183297474884,0.1637230185273326,-1.282955498527812
0.024563211122959235,0.1637230185273326,-0.7668589694388204
-0.16399004467679473,0.1637230185273326,0.3030972494042112
-0.011704737123327131,0.1637230185273326,0.7625490374956306
-0.13774086666428914,1.3895466444242823,-0.552867725670214
0.07946607200407782,-1.062100607369617,-0.5151045650051659
0.08016738592044248,0.1637230185273326,-0.011595756137856923
14.876187830274887,1.3895466444242823,1.2094131053653674
-0.5176526339292558,0.1637230185273326,-1.3144247990820188
-0.5777652553319403,-1.062100607369617,0.6807288560546929
-0.21548652367842788,0.1637230185273326,-0.09970979768963599
-0.11690182457802516,0.1637230185273326,-0.28852560101487684
-0.2120801417989424,0.1637230185273326,-0.4521659638967523
-0.17821669840876342,1.3895466444242823,0.6177902549462793
-0.17290675018485963,0.1637230185273326,0.334566549958418
-0.17060243303109004,0.1637230185273326,0.491913052729452
0.19217723713411142,0.1637230185273326,0.6366718352788033
0.21892735365830607,-1.062100607369617,-1.0563765345375231
0.8795650628738096,0.1637230185273326,-0.06194663702458782
-0.09305715142162693,0.1637230185273326,1.1968253851436845
-0.20496681493295807,0.1637230185273326,-0.37663964256665594
-0.5026244785785846,0.1637230185273326,-0.6409817672219931
-0.5294747828051171,-1.062100607369617,-1.3584818198579083
0.1576124798275678,0.1637230185273326,-0.06824049713542918
0.06914673866328364,0.1637230185273326,0.051342844970556696
-0.2120801417989424,1.3895466444242823,-0.017889616248698285
-0.3623616953056539,-1.062100607369617,-0.760565109327979
-0.2604708020281035,0.1637230185273326,-0.4144028032317041
0.021156829243473774,0.1637230185273326,1.0709481829268575
2.8640830707811036,-1.062100607369617,0.7625490374956306
0.12495128886544249,1.3895466444242823,1.3730534682472426
-0.09185489899357324,0.1637230185273326,-0.5276922852268486
-0.22069628419999388,-1.062100607369617,-0.7102142284412482
-0.3258933716546919,0.1637230185273326,0.3030972494042112
-0.13233073073804752,0.1637230185273326,0.2527463685174803
0.863735405904436,-1.062100607369617,-0.5025168447834831
0.3940554573447938,0.1637230185273326,2.9502696365836445
-0.05127887954676115,1.3895466444242823,0.13945688652233576
0.07716175485030824,0.1637230185273326,0.5989086746137552
-0.3323053846043116,-1.062100607369617,0.051342844970556696
-0.5464065045002066,-1.062100607369617,0.334566549958418
-0.09065264656551955,0.1637230185273326,0.8015709701828471
-0.25095297030601177,-1.062100607369617,-0.021665932315203102
-0.6277589187985063,-1.062100607369617,-0.2041878755296026
-0.07321998635874102,0.1637230185273326,-0.27593788079319415
-0.23963175994183952,0.1637230185273326,-1.1696660165326676
-0.06991379218159337,0.1637230185273326,-0.7416835289954549
-0.17901820002746588,0.1637230185273326,-0.34422626299582293
0.5103733797589884,0.1637230185273326,0.6584485912623145
-0.48388937824141454,3.841193896218182,-0.5667142179140651
0.08938465453552077,0.1637230185273326,-0.6283940470003104
0.6153700918090109,0.1637230185273326,0.6807288560546929
-0.09185489899357324,0.1637230185273326,-0.17523611901973232
-0.25846704798134734,0.1637230185273326,-0.48363526445095906
0.31991655761481613,1.3895466444242823,-0.3640519223449732
-0.31236803183908785,0.1637230185273326,0.7310797369414238
0.1185392759158228,0.1637230185273326,-0.07453435724627054
0.34897099129278036,0.1637230185273326,-0.28223174090403547
0.5242994703839438,-1.062100607369617,-0.3011133212365596
0.5719888166967402,1.3895466444242823,1.08353590314854
0.31931543140078933,0.1637230185273326,0.3030972494042112
-0.07181735852601172,0.1637230185273326,-0.3904861348105069
0.7883942537464047,0.1637230185273326,1.4359920693556563
-0.013107364956056439,0.1637230185273326,1.573198219771998
0.2962722598630936,1.3895466444242823,0.5548516538378656
-0.2601702389210901,0.1637230185273326,-1.1507844362001434
0.1828597808166953,-2.287924233266567,-1.2388984777519225
0.1864665381008564,0.1637230185273326,2.2541938837650335
-0.28371434897047487,0.1637230185273326,-0.19285892733008814
-0.2521552227340655,-1.062100607369617,-0.6158063267786277
-0.272192763201627,0.1637230185273326,-0.7681177414609887
20.511245148264877,0.1637230185273326,2.4430096870902744
-0.09185489899357324,0.1637230185273326,-0.03677119658122237
-0.27269370171331603,0.1637230185273326,0.09539986574644622
0.24928422746666176,1.3895466444242823,0.995421861596761
-0.15196752039625783,0.1637230185273326,1.1212990638135882
-0.06179858829223095,1.3895466444242823,0.995421861596761
0.36049257706162824,0.1637230185273326,0.08281214552476351
0.5752950108738878,1.3895466444242823,2.0357088238772865
0.15851416914860805,1.3895466444242823,2.178667562434937
-0.013708491170083284,1.3895466444242823,1.5115183906857528
-0.47056441383048614,0.1637230185273326,-0.6891297970699295
0.07595950242225455,2.615370270321232,0.768842897606472
-0.5527183297474884,-1.062100607369617,-1.1822537367543502
0.032978978119335076,-2.287924233266567,1.8010359557844553
0.10852050568204204,0.1637230185273326,-0.44901903384133157
0.13737456395533063,2.615370270321232,0.42268059151019705
-0.4122551710698821,0.1637230185273326,-1.2955432187494949
0.01073730820034178,3.841193896218182,-0.7794466896605031
-0.23452218712261133,0.1637230185273326,-0.5276922852268486
0.013843126972813816,0.1637230185273326,1.2975271469171463
-0.23231805767117955,-1.062100607369617,0.3282726898475766
-0.1477596368980699,0.1637230185273326,0.13945688652233576
15.443250225506878,0.1637230185273326,0.6045731487135124
0.3647004605598162,0.1637230185273326,2.4735474963480764
-0.1384421805806538,0.1637230185273326,0.41638673139935567
0.3634982081317625,0.1637230185273326,0.27162794885000435
0.18867066755228815,0.1637230185273326,-0.32628876167992504
0.36810684243930164,1.3895466444242823,0.27666303693867744
-0.2120801417989424,-1.062100607369617,-1.2451923378627638
-0.1976531126622981,-1.062100607369617,-1.1759598766435089
-0.16709586344926677,-1.062100607369617,1.0709481829268575
-0.7939703169769292,0.1637230185273326,-1.2074291771977157
-0.4089489768927344,0.1637230185273326,-0.5125870209608293
0.22594049282195258,-1.062100607369617,-0.37034578245581457
0.7096467197088879,0.1637230185273326,-0.2948194611257182
-0.8083973461135735,-1.062100607369617,-0.33887648190160774
0.9932781050272214,1.3895466444242823,3.2253868497487423
-0.2701890091548708,-1.062100607369617,1.7262774853878817
-0.5255674624139425,-1.062100607369617,0.11428144607897031
-0.143551753399882,0.1637230185273326,-1.0815519749808884
-0.2000576175184055,-1.062100607369617,-0.9443458245645467
-0.2120801417989424,-1.062100607369617,-0.5151045650051659
0.07335462216147155,0.1637230185273326,-0.04306505669206373
-0.12712097021648153,0.1637230185273326,-0.09970979768963599
-0.6304639867616271,0.1637230185273326,-0.5906308863352622
-0.35935606423551963,0.1637230185273326,-0.6409817672219931
0.149697651342881,0.1637230185273326,1.2471762660304155
-0.298241565809457,-1.062100607369617,-0.3137010414582423
-0.13754049125961354,0.1637230185273326,-0.4521659638967523
-0.322186426668193,1.3895466444242823,0.22127706796327348
-0.8853415015090097,-1.062100607369617,-0.7920344098821858
0.829871962514257,0.1637230185273326,0.11428144607897031
0.017349696554637084,0.1637230185273326,-0.42699052345338684
-0.10187366922735401,0.1637230185273326,-0.27593788079319415
-0.13693936504558668,0.1637230185273326,-0.20041155946309777
-0.272192763201627,-1.062100607369617,-0.6158063267786277
-0.06881172745587749,0.1637230185273326,-0.23817472012814594
-0.24003251075119075,0.1637230185273326,-0.10726242982264562
0.6615566225867402,1.3895466444242823,-0.5851929911994953
-0.3348100771627568,-1.062100607369617,-0.7039203683304067
0.011739185223719856,0.1637230185273326,-0.7290958087737722
-0.23211768226650395,1.3895466444242823,0.4856191926186107
-0.049776064011694036,-2.287924233266567,-1.509534462518101
-0.1673964265562802,-1.062100607369617,-0.4144028032317041
0.06273472571366394,1.3895466444242823,2.002439479331379
0.08788183900045367,-2.287924233266567,2.687614266438013
-0.23983213534651512,0.1637230185273326,-0.024183476359539647
-0.5527183297474884,0.1637230185273326,-0.6787449278870413
-0.3323053846043116,-1.062100607369617,0.08595907558018419
-0.12742153332349496,0.1637230185273326,0.41009287128851435
-0.15196752039625783,-1.062100607369617,-1.3207186591928601
4.267011466617424,0.1637230185273326,0.7436674571631066
-0.7348595725976227,-1.062100607369617,0.13945688652233576
-0.21107826477556432,2.615370270321232,-1.2577800580844467
-0.3323053846043116,0.1637230185273326,-0.7039203683304067
-0.1136958181032153,0.1637230185273326,0.12686916630065304
0.19608455752528592,0.1637230185273326,3.084983418396093
-0.21157920328725338,1.3895466444242823,-0.7794466896605031
0.1695348164057669,0.1637230185273326,0.4289744516210384
-0.21819159164154867,0.1637230185273326,-0.9367931924315371
-0.3076592098292109,-1.062100607369617,-1.0186133738724747
-0.03835466594518396,-1.062100607369617,-0.9053238918773303
-0.09476034236136967,0.1637230185273326,-0.6535694874436758
-0.3323053846043116,-1.062100607369617,-0.7290958087737722
-0.2932321806925666,1.3895466444242823,-0.14376681846552553
-0.15527371457340547,-1.062100607369617,-1.4340081411880048
-0.23963175994183952,-1.062100607369617,0.7562551773847892
0.44545174864408915,-2.287924233266567,0.8128999183823615
-0.175311255040967,0.1637230185273326,-0.20053743666531462
-0.03174227759088866,-1.062100607369617,-0.9179116120990131
0.1576124798275678,1.3895466444242823,0.9702464211533955
-0.015311494407488207,0.1637230185273326,-0.1626483987980496
-0.052681507379490455,0.1637230185273326,-0.38922736278833864
-0.00368972093630252,0.1637230185273326,-0.829797570547234
0.5068668101771652,1.3895466444242823,-0.04935891680290509
0.36439989745280277,0.1637230185273326,1.2471762660304155
0.028370343811795925,0.1637230185273326,1.9992925492759583
-0.09476034236136967,0.1637230185273326,-1.5221221827397837
2.4178470445685085,0.1637230185273326,-0.4521659638967523
-0.6125303880431595,-1.062100607369617,0.5170884931728175
-0.15597502848977013,-1.062100607369617,-0.829797570547234
0.0712506804123776,0.1637230185273326,0.5926148145029139
-0.1620864783323764,0.1637230185273326,0.0026787185935312867
-0.26778450429876344,0.1637230185273326,-0.39552122289918
1.1925514449771206,1.3895466444242823,0.7310797369414238
-0.23612519036001625,0.1637230185273326,-0.691332648108724
-0.20707075668205202,0.1637230185273326,-0.48992912456180043
-0.34633166293160467,-1.062100607369617,0.31946128569239873
0.6129655869529035,0.1637230185273326,0.4289744516210384
1.1254256844107895,-1.062100607369617,-0.8549730109905994
-0.1319299799286963,1.3895466444242823,1.6877464737893109
-0.15196752039625783,-1.062100607369617,-0.5276922852268486
-0.7152227829394123,0.1637230185273326,-0.5780431661135795
0.2287457484874112,-1.062100607369617,1.1842376649220019
-0.19274391524774553,0.1637230185273326,-0.9052231901155569
-0.3761875982282713,-1.062100607369617,0.18225513527605702
0.09419366424773555,0.1637230185273326,-0.07453435724627054
-0.8853415015090097,-1.062100607369617,-1.2023940891090426
-0.4940083361775331,1.3895466444242823,-1.2716265503282975
-0.8612964529479359,-1.062100607369617,-0.7353896688846135
0.03227766420297042,0.1637230185273326,0.0009919640838258015
-0.8643020840180702,-2.287924233266567,-1.2577800580844467
0.015045379400867509,0.1637230185273326,0.3912112909559902
-0.6128309511501729,-1.062100607369617,-0.8172098503255513
-0.45253062740968075,-1.062100607369617,-0.7794466896605031
-0.6248534754307099,-1.062100607369617,-1.140084874011713
0.18406203324474898,0.1637230185273326,-0.8927361716556476
0.4923395933381831,-1.062100607369617,4.708799326993165
0.1594158584696483,1.3895466444242823,-0.7920344098821858
-0.4284855788486069,0.1637230185273326,-0.2268457719286315
-0.660720672867645,-1.062100607369617,-0.10600365780047735
-0.17701444598070973,1.3895466444242823,0.36603585051262477
-0.0663070348974323,0.1637230185273326,-0.6724510677761999
0.598638745518597,-1.062100607369617,0.11428144607897031
0.06984805257964828,1.3895466444242823,0.2388998762736293
-0.19204260133138087,0.1637230185273326,-0.7731528295496617
-0.45253062740968075,-1.062100607369617,-0.7668589694388204
-0.48418994134842797,-1.062100607369617,-0.8927361716556476
6.03572516368908,-1.062100607369617,1.2471762660304155
-0.12161064658790212,0.1637230185273326,0.2905095291825284
-0.15196752039625783,0.1637230185273326,0.36603585051262477
-0.12221177280192896,1.3895466444242823,0.08910600563560486
-0.09185489899357324,0.1637230185273326,-0.06824049713542918
-0.5956988540504079,1.3895466444242823,-1.0437888143158403
4.279033990897961,-1.062100607369617,0.9450709807100302
-0.5426995595137076,0.1637230185273326,-0.2507624403498287
-0.350840109536806,0.1637230185273326,-0.8927361716556476
-0.25175447192471423,0.1637230185273326,1.0386606805582412
-0.3323053846043116,0.1637230185273326,-0.32628876167992504
-0.22400247837714152,0.1637230185273326,-1.492125645451514
0.1473933341891114,0.1637230185273326,0.09791740979078277
-0.20907451072880817,0.1637230185273326,-0.7165080885520895
-0.7458802198547815,-1.062100607369617,-0.027456283617177155
0.01113805900969301,-1.062100607369617,-0.17523611901973232
-0.10387742327411016,0.1637230185273326,-0.43328438356422816
0.09128822087993912,0.1637230185273326,0.8695446593799337
-0.12281289901595581,0.1637230185273326,0.07651828541392215
-0.3703767114926785,-2.287924233266567,0.3912112909559902
0.14378657690495034,0.1637230185273326,0.11428144607897031
-0.6854670353450835,-1.062100607369617,-0.4144028032317041
0.4468543764768184,-1.062100607369617,3.2612115014996514
-0.5196563879760119,-1.062100607369617,0.8821323796016165
-0.2040651256119178,-1.062100607369617,-0.6095124666677864
0.2613067517471987,0.1637230185273326,0.3521893582687738
0.31821336667507344,0.1637230185273326,2.505948288198688
0.01203974833073328,0.1637230185273326,1.4611675097990218
-0.4600447050850163,-1.062100607369617,-1.1511494800865723
0.5526525901455434,0.1637230185273326,1.8262113962278208
0.13316668045714272,-1.062100607369617,2.4304219668685914
-0.8031875855920075,1.3895466444242823,-0.32628876167992504
-0.6028121809163922,-1.062100607369617,-0.2129992796847805
-0.2764006466998149,0.1637230185273326,-0.6095124666677864
-0.09185489899357324,0.1637230185273326,-0.42699052345338684
-0.022825572082823778,0.1637230185273326,-0.3137010414582423
0.17294119828525234,0.1637230185273326,-0.07453435724627054
0.028370343811795925,0.1637230185273326,-0.2633501605715114
-0.9007704076690322,-2.287924233266567,-1.194841456976033
-0.7866566147062692,0.1637230185273326,-0.829797570547234
-0.10287554625073209,0.1637230185273326,-0.6032186065569449
0.5070671855818408,0.1637230185273326,-0.10241615753729777
-0.2590681741953742,0.1637230185273326,-0.32628876167992504
-0.4741711711146472,-1.062100607369617,-1.1281265398011144
-0.26427793471694017,-1.062100607369617,-1.8380739603040201
0.21792547663492798,1.3895466444242823,3.135334299282824
-0.13994499611572092,1.3895466444242823,0.03875512474887397
-0.272192763201627,0.1637230185273326,-0.6409817672219931
-0.298742504321146,-1.062100607369617,-0.7668589694388204
-0.8643020840180702,0.1637230185273326,-0.8549730109905994
-0.07151679541899829,0.1637230185273326,0.5762507782147263
-0.13493561099883053,-1.062100607369617,-0.5151045650051659
0.5094716904379483,-2.287924233266567,1.36046574802556
-0.8224236244408666,0.1637230185273326,-0.42699052345338684
-0.29263105447853976,1.3895466444242823,-0.7102142284412482
-0.09646353330111239,0.1637230185273326,0.4289744516210384
-0.2659811256566829,-1.062100607369617,0.3446367261357642
-0.09185489899357324,0.1637230185273326,-0.2507624403498287
-0.09185489899357324,0.1637230185273326,-0.7102142284412482
0.4049759168996148,-1.062100607369617,-0.20167033148526606
-0.3731819671581371,-1.062100607369617,0.27370492268658203
-0.14194875016247707,0.1637230185273326,-0.6422405392441614
-0.1332324200590878,0.1637230185273326,-0.5906308863352622
0.0077316771302075515,-1.062100607369617,-1.0626703946483644
0.1706368811314828,0.1637230185273326,2.7937161601865768
-0.006895727411112365,0.1637230185273326,-0.28852560101487684
-0.030940775972186196,0.1637230185273326,1.0583604627051746
-0.09876785045488197,0.1637230185273326,0.3786235707343075
0.040192492687657226,0.1637230185273326,0.6681411358330102
0.028370343811795925,0.1637230185273326,-0.9399401224869578
0.1473933341891114,0.1637230185273326,-0.38922736278833864
-0.5527183297474884,0.1637230185273326,-0.27593788079319415
2.963268896095533,0.1637230185273326,0.048195914915136015
0.12725560601921207,0.1637230185273326,1.697187263955573
-0.3022490739029693,0.1637230185273326,-0.06194663702458782
0.27883959965631505,-1.062100607369617,-0.6158063267786277
0.443948933109022,0.1637230185273326,3.340023217807607
-0.14214912556715267,-1.062100607369617,-1.194841456976033
2.2192750185349737,1.3895466444242823,0.24801338571412757
-0.03174227759088866,0.1637230185273326,-0.07453435724627054
-0.4370015335473206,0.1637230185273326,-0.6661572076653586
-0.3323053846043116,-1.062100607369617,-0.9242054722098544
-0.5527183297474884,-2.287924233266567,-1.7826879913286162
-0.1463570090653406,0.1637230185273326,-0.03677119658122237
-0.3523429250718731,0.1637230185273326,-0.9242054722098544
-0.1595817857739312,0.1637230185273326,0.08910600563560486
0.2222335478354537,0.1637230185273326,-0.8770015213785441
0.10381168367216508,0.1637230185273326,-0.28852560101487684
0.09078728236825008,0.1637230185273326,1.1464745042569537
0.4091838003978028,-1.062100607369617,1.6877464737893109
0.04840788427935745,1.3895466444242823,0.8443692189365684
-0.03775353973115712,0.1637230185273326,0.40694594123309363
-0.6470951453497031,-2.287924233266567,-0.6032186065569449
0.6599536193493353,0.1637230185273326,-0.015812642412120635
0.3326403958117177,1.3895466444242823,0.6052025347245965
-0.17831688611110125,0.1637230185273326,0.36603585051262477
-0.327897125701448,-1.062100607369617,-0.6472756273328345
-0.22861111268468068,-1.062100607369617,-0.7039203683304067
-0.11439713201957996,1.3895466444242823,1.033185022261809
-0.6485979608847703,-1.062100607369617,-0.5151045650051659
-0.45253062740968075,0.1637230185273326,-0.8612668711014408
0.06303528882067737,0.1637230185273326,0.9387771205991887
-0.17430937801758892,-1.062100607369617,-0.9179116120990131
0.010837495902679588,0.1637230185273326,1.2975271469171463
-0.41445930052131386,-1.062100607369617,-0.8549730109905994
0.4341305382799169,-1.062100607369617,-0.5025168447834831
0.05241539237286976,0.1637230185273326,-0.9179116120990131
1.137648584096002,0.1637230185273326,-0.07453435724627054
-0.7334569447648933,-1.062100607369617,0.6681411358330102
0.08257189077654986,0.1637230185273326,-0.7479773891062963
-0.05077794103507211,-1.062100607369617,-0.13747295835468415
0.33965353497536427,0.1637230185273326,-0.9179116120990131
1.1284313154809238,1.3895466444242823,0.051342844970556696
0.28344823396385416,1.3895466444242823,1.0961236233702227
-0.3665695788038418,1.3895466444242823,-0.6661572076653586
0.06824504934224336,1.3895466444242823,1.8136236760061382
-0.03464772095868508,0.1637230185273326,0.41638673139935567
0.1813569652816282,-2.287924233266567,1.7078868261440032
-0.34913691859706325,-1.062100607369617,-0.5659589547007641
0.2589022468910913,3.841193896218182,-0.4823764924287908
-0.31908060789572096,-1.062100607369617,-0.7668589694388204
0.26471313362668414,0.1637230185273326,0.5485577937270243
-0.05508601223559784,0.1637230185273326,-0.13747295835468415
-0.001685966889546367,0.1637230185273326,-0.5276922852268486
-0.2040651256119178,-1.062100607369617,-0.7857405497713444
-0.4232758183270409,0.1637230185273326,-0.4521659638967523
0.12625372899583398,0.1637230185273326,-0.20670541957393915
-0.6925803622110679,-1.062100607369617,-0.43957824367506954
0.16362374196783624,1.3895466444242823,-0.622100186889469
0.40758079716039786,0.1637230185273326,0.012320912283340254
0.21912772906298167,0.1637230185273326,0.910996022069935
0.1326657419454537,0.1637230185273326,-0.7857405497713444
0.29887714012387656,0.1637230185273326,1.8136236760061382
-0.44050810312914385,0.1637230185273326,-0.6032186065569449
0.09279103641500623,-1.062100607369617,2.3788123139596924
-0.025029701534255547,-1.062100607369617,-0.6409817672219931
-0.17801632300408782,-1.062100607369617,-0.552867725670214
1.4605535487307562,-2.287924233266567,-0.47734140434011774
-0.14194875016247707,-1.062100607369617,-1.2766616384169707
-0.22009515798596702,0.1637230185273326,0.06267179317007116
0.2966730106724448,0.1637230185273326,3.41163475814876
-0.39241800600699617,-1.062100607369617,-0.5402800054485313
-0.6093243815683497,-2.287924233266567,-0.5151045650051659
-0.25315709975744355,0.1637230185273326,-0.8927361716556476
0.07866457038537536,0.1637230185273326,1.7380973546760417
-0.6929811130204191,0.1637230185273326,-0.8360410797771887
-0.660720672867645,-1.062100607369617,0.16716245873025945
0.2471802857175678,0.1637230185273326,0.46044375217524525
-0.8582908218778017,0.1637230185273326,-0.37663964256665594
0.041094182008697494,0.1637230185273326,1.1842376649220019
-0.15196752039625783,0.1637230185273326,-0.5025168447834831
-0.04767212226260007,0.1637230185273326,0.491913052729452
-0.7348595725976227,-1.062100607369617,-0.37663964256665594
0.22904631159442462,0.1637230185273326,0.5045007729511347
0.30889591035765734,0.1637230185273326,0.3030972494042112
0.19508268050190783,0.1637230185273326,-0.3640519223449732
-0.272192763201627,0.1637230185273326,0.5548516538378656
0.16542712060991677,1.3895466444242823,2.242864935565519
-0.2578659217673205,0.1637230185273326,-0.7857405497713444
0.053417269396247836,0.1637230185273326,1.6625710333459454
-0.012205675635016169,0.1637230185273326,-0.4144028032317041
0.13707400084831722,0.1637230185273326,1.0143034419292851
-0.21187976639426678,0.1637230185273326,-0.42699052345338684
-0.9042769772508554,-2.287924233266567,-1.3270125193037017
-0.17200506086381936,0.1637230185273326,-0.5465738655593727
-0.26608131335902074,0.1637230185273326,0.028684948571527796
-0.32960031664119077,-1.062100607369617,-0.9493809126532199
0.11793814970179596,0.1637230185273326,1.685392570107856
0.17304138598759017,1.3895466444242823,1.5618692715724836
-0.22730867255428916,-1.062100607369617,-1.4340081411880048
0.028370343811795925,1.3895466444242823,0.7436674571631066
-0.3459309121222534,0.1637230185273326,-0.5780431661135795
-0.8415594755873879,-1.062100607369617,-0.15635453868720825
-0.011704737123327131,1.3895466444242823,-0.19852340142984537
-0.05177981805845019,0.1637230185273326,-0.2633501605715114
0.1828597808166953,0.1637230185273326,-0.5163633370273342
-0.09185489899357324,0.1637230185273326,-0.3514642021232905
0.10912163189606888,2.615370270321232,-0.5780431661135795
-0.14996376634950168,0.1637230185273326,-0.15635453868720825
-0.15196752039625783,0.1637230185273326,-0.7165080885520895
-0.5937952877059895,-1.062100607369617,0.35974199040178345
0.13857681638338432,0.1637230185273326,-1.2388984777519225
-0.12692059481180593,0.1637230185273326,-0.5226571971381755
-0.35444686682096704,-3.5137478591635167,-0.464753684118435
0.03798836323622546,6.292841148012081,0.24015864829579756
-0.44050810312914385,-2.287924233266567,-1.5221221827397837
-0.45253062740968075,0.1637230185273326,-1.106727415424254
-0.17430937801758892,-1.062100607369617,-1.2074291771977157
-0.6547094107273765,-2.287924233266567,1.052834453527856
0.21642266109986086,-2.287924233266567,1.171649944700319
-0.34733353995498273,0.1637230185273326,0.5674393740595484
0.3349447129654873,1.3895466444242823,2.0653780804397925
0.027669029895431272,1.3895466444242823,-0.3640519223449732
-0.1332324200590878,-1.062100607369617,2.391123104336498
0.0013196641805878623,0.1637230185273326,-0.474194474284697
-0.3323053846043116,0.1637230185273326,-1.0400124982493355
-0.0064949766017611335,0.1637230185273326,-0.32628876167992504
-0.2822115334354078,1.3895466444242823,-0.32628876167992504
-0.859693449710531,-2.287924233266567,-1.213723037308557
-0.23963175994183952,0.1637230185273326,0.3150555836148098
-0.143551753399882,1.3895466444242823,-0.9179116120990131
-0.17701444598070973,-1.062100607369617,0.12686916630065304
-0.01971975331035174,0.1637230185273326,-0.5780431661135795
-0.007997792136828248,-1.062100607369617,2.128316681548206
-0.8853415015090097,0.1637230185273326,-1.1696660165326676
-0.051078504142085535,0.1637230185273326,-0.4458721037859109
-0.3323053846043116,0.1637230185273326,-0.4018150830100214
0.6999285125821205,0.1637230185273326,-1.0500826744266816
-0.05809164330573207,0.1637230185273326,-0.17523611901973232
0.18706766431488323,0.1637230185273326,0.21372443583026385
3.6139880227795937,1.3895466444242823,2.782878133075708
0.304888402264145,-1.062100607369617,-0.8927361716556476
-0.0505775656303965,0.1637230185273326,-0.5465738655593727
1.039865386614302,-2.287924233266567,3.047220257731045
0.06784429853289213,0.1637230185273326,0.6240841150571207
0.7948062666960244,0.1637230185273326,-0.6535694874436758
-0.23963175994183952,0.1637230185273326,0.15833846685485986
0.3665038392018967,0.1637230185273326,-0.1626483987980496
0.10852050568204204,-1.062100607369617,-0.5465738655593727
-0.18873640715423323,0.1637230185273326,-0.09341593757879463
-0.38951256263919976,0.1637230185273326,-0.973297581074417
0.07345480986380937,0.1637230185273326,-0.20041155946309777
0.39325395572609134,0.1637230185273326,0.9639525610425542
-0.1319299799286963,0.1637230185273326,-0.5151045650051659
-0.8243271907852849,0.1637230185273326,-0.4081089431208627
-0.09185489899357324,1.3895466444242823,-1.1822537367543502
-0.14976339094482605,-1.062100607369617,-0.899030031766489
0.1329663050524671,0.1637230185273326,2.4115403865360676
-0.05729014168702961,0.1637230185273326,-0.6598633475545173
-0.25095297030601177,-1.062100607369617,-0.47734140434011774
-0.6028121809163922,0.1637230185273326,-0.27047481021698383
-0.7644149447872759,-1.062100607369617,-0.09970979768963599
0.07325443445913375,0.1637230185273326,1.3101148671388292
0.6264909267685075,1.3895466444242823,0.5045007729511347
-0.5465066922025443,0.1637230185273326,0.334566549958418
-0.031040963674524004,0.1637230185273326,0.5910413494752035
-0.5421986210020185,-1.062100607369617,-0.4043326270543579
-0.2432385172260006,-1.062100607369617,2.6570009308588807
-0.2945346208229581,-1.062100607369617,0.17344373112087913
-0.61022607088939,-2.287924233266567,-0.5025168447834831
1.103885328408161,1.3895466444242823,7.22634337132971
1.5690568303626018,1.3895466444242823,1.9395008782229652
-0.5126432488123653,-1.062100607369617,-0.9118695063926053
-0.44050810312914385,0.1637230185273326,-0.4962229846726418
0.33003551555093474,-1.062100607369617,-0.06194663702458782
-0.45253062740968075,-1.062100607369617,-1.157078296310985
-0.41045179242780155,-1.062100607369617,-0.7228019486629308
-0.20707075668205202,0.1637230185273326,-0.53398614533769
-0.6246531000260342,-1.062100607369617,0.18980776740906666
0.3821331207665947,0.1637230185273326,1.656277173235104
-0.09185489899357324,0.1637230185273326,-0.5151045650051659
0.19247780024112485,1.3895466444242823,2.2783497188704427
-0.28922467259905427,1.3895466444242823,-0.5151045650051659
-0.2120801417989424,0.1637230185273326,0.403799011177673
-0.4926057083448038,0.1637230185273326,-1.5850607838481974
10.482856895059685,-1.062100607369617,1.5241061109074354
-0.4284855788486069,-1.062100607369617,0.9198955402666646
-0.15016414175417728,0.1637230185273326,-0.017386107439830975
-0.3361125172931483,0.1637230185273326,-0.8939949436778158
-0.639881630781381,-1.062100607369617,-1.6228239445132455
-0.18082157866954643,-1.062100607369617,-0.9836698625370836
-0.5856800838166271,-1.062100607369617,0.10169372585728759
-0.06450365625535176,0.1637230185273326,-0.6535694874436758
0.30058033106361925,0.1637230185273326,-0.6346879071111518
-0.03775353973115712,0.1637230185273326,-0.20041155946309777
0.028370343811795925,0.1637230185273326,-0.26964402068235277
-0.05177981805845019,0.1637230185273326,-0.3011133212365596
0.0025219166086415537,0.1637230185273326,2.0150271995530615
-0.0597948342454748,0.1637230185273326,-0.6598633475545173
-0.39612495099349504,-1.062100607369617,1.1842376649220019
-0.61022607088939,-2.287924233266567,-0.47734140434011774
-0.24013269845352855,0.1637230185273326,-0.7102142284412482
-0.23492293793196256,1.3895466444242823,-0.5780431661135795
0.27743697182358573,0.1637230185273326,1.7506850748977245
-0.3563504331653854,0.1637230185273326,-0.760565109327979
1.11991536078221,0.1637230185273326,0.5170884931728175
-0.3208839865378015,-1.062100607369617,0.17092618707654259
0.09599704288981609,1.3895466444242823,-0.8927361716556476
-0.4284855788486069,-1.062100607369617,-0.9808502132074267
-0.5137453135380812,-1.062100607369617,0.699610436387217
-0.09285677601695132,0.1637230185273326,0.08281214552476351
0.08888371602383174,0.1637230185273326,0.5233823532836589
-0.05177981805845019,0.1637230185273326,-0.6233589589116373
-0.1541716498476896,0.1637230185273326,-0.9179116120990131
0.028370343811795925,-1.062100607369617,-0.22558699990646322
-0.1976531126622981,-1.062100607369617,-1.1004335553134126
-0.00539291187604525,0.1637230185273326,0.7424086851409383
0.028370343811795925,0.1637230185273326,-0.024183476359539647
-0.12060876956452403,0.1637230185273326,0.11428144607897031
-0.09185489899357324,-1.062100607369617,-0.6158063267786277
-0.3755864720142445,0.1637230185273326,-0.48992912456180043
-0.20707075668205202,0.1637230185273326,-0.024183476359539647
0.23736189088846266,0.1637230185273326,-0.07453435724627054
-0.5131441873240543,-1.062100607369617,-0.011595756137856923
-0.1556744653827567,1.3895466444242823,1.4964131264197333
-0.1725059993755084,1.3895466444242823,0.6933165762763757
0.1185392759158228,1.3895466444242823,1.070683840802202
0.007631489427869744,0.1637230185273326,1.000456949685434
-0.21157920328725338,1.3895466444242823,-1.0437888143158403
-0.17200506086381936,0.1637230185273326,-1.0626703946483644
-0.27720214831851736,0.1637230185273326,-0.23817472012814594
-0.12832322264453522,0.1637230185273326,0.45414989206440387
-0.027734769497376355,0.1637230185273326,1.1905315250328432
-0.259168361897712,0.1637230185273326,-0.3137010414582423
-0.7300505628854079,0.1637230185273326,-0.10600365780047735
0.025264525039323887,0.1637230185273326,0.3912112909559902
0.11012350891944696,0.1637230185273326,-0.2771966528153624
-0.8252288801063251,0.1637230185273326,-0.019148388270866557
0.17434382611798166,1.3895466444242823,1.3730534682472426
-0.14194875016247707,-1.062100607369617,-0.6724510677761999
-0.361259630579938,-1.062100607369617,-1.0186133738724747
-0.18803509323786857,0.1637230185273326,0.43149199566537494
-0.10888680839100054,0.1637230185273326,1.9646763186663307
-0.09696447181280143,-1.062100607369617,1.1212990638135882
0.40778117256507346,-1.062100607369617,1.047434321552754
-0.009600795374233171,0.1637230185273326,0.19610162751990803
0.19949093940477136,1.3895466444242823,-0.2633501605715114
-0.14194875016247707,0.1637230185273326,0.4520980936682696
4.306785984445534,1.3895466444242823,4.494808083224559
-0.32709562408274556,-1.062100607369617,-0.5793019381357478
-0.16429060778380816,-1.062100607369617,-0.9934379334291094
-0.27028919685720865,0.1637230185273326,-0.9304993323206958
-0.03675166270777904,-1.062100607369617,-0.8360914306580753
0.3716134120211249,0.1637230185273326,2.6947640915239286
-0.6028121809163922,-1.062100607369617,-0.23817472012814594
0.06944730177029705,0.1637230185273326,0.5107946330619761
0.2838489847732054,0.1637230185273326,-0.48363526445095906
-0.2120801417989424,1.3895466444242823,-0.464753684118435
0.0013196641805878623,-1.062100607369617,-0.5780431661135795
-0.2646786855262914,0.1637230185273326,-0.06194663702458782
-0.3370142066141885,0.1637230185273326,-0.06320540904675609
0.5778998911346709,0.1637230185273326,0.07777705743609042
-0.14184856246013924,-2.287924233266567,-0.19411769935225642
-0.42247431670833846,0.1637230185273326,-0.6661572076653586
-0.0728192355493898,0.1637230185273326,-0.24446858023898732
0.028370343811795925,1.3895466444242823,-0.5276922852268486
-0.0375531643264815,1.3895466444242823,0.6555534156113274
-0.45253062740968075,-1.062100607369617,-0.9191703841211813
0.16913406559641567,2.615370270321232,0.08281214552476351
-0.7348595725976227,-1.062100607369617,-0.2608326165271749
0.0817703891578474,0.1637230185273326,-0.42950806749772336
-0.0597948342454748,0.1637230185273326,1.1186556425670349
-0.13613786342688422,0.1637230185273326,0.5548516538378656
0.03157635028660577,0.1637230185273326,0.17092618707654259
-0.2120801417989424,0.1637230185273326,-0.12488523813300144
-0.23241824537351735,0.1637230185273326,-0.47104754422927636
-0.28451585058917733,-1.062100607369617,-0.8927361716556476
0.3006805187659571,1.3895466444242823,3.8276589114753743
-0.3323053846043116,0.1637230185273326,-0.07453435724627054
0.2285453730827356,1.3895466444242823,0.24015864829579756
-0.5727558702150499,-1.062100607369617,-0.8939949436778158
-0.23221786996884175,0.1637230185273326,0.10169372585728759
0.33805053173795935,1.3895466444242823,5.060412115945429
-0.15196752039625783,-1.062100607369617,-0.7920344098821858
0.17604701705772438,0.1637230185273326,0.5885867440319753
-0.0768267436429021,0.1637230185273326,-0.5717493060027381
1.088756985355152,0.1637230185273326,0.5359700735053415
0.2888583698900958,0.1637230185273326,-0.26397954658259554
-0.2421364525002847,-1.062100607369617,-0.9430870525423785
-0.03775353973115712,0.1637230185273326,0.0009919640838258015
-0.6090238184613362,-2.287924233266567,-0.4584598240075936
-0.18082157866954643,-1.062100607369617,-1.5725611776680666
-0.0768267436429021,1.3895466444242823,-0.28978437303704513
-0.22730867255428916,0.1637230185273326,-0.8172098503255513
0.16232130183744473,0.1637230185273326,0.5535928818156974
0.0909876577729257,-1.062100607369617,-0.552867725670214
0.2753330300744918,0.1637230185273326,1.1338867840352709
-0.17040205762641444,0.1637230185273326,-0.32628876167992504
-0.4153609898423541,-1.062100607369617,0.542263933616183
-0.3297005043435286,0.1637230185273326,0.02616740452719125
-0.45253062740968075,-1.062100607369617,-1.106727415424254
0.18806954133826131,0.1637230185273326,0.5548516538378656
-0.06179858829223095,0.1637230185273326,-0.5213984251160072
0.0700484279843239,0.1637230185273326,0.6505183275226544
0.4294217162700399,-1.062100607369617,2.5688868893071013
-0.43950622610576573,-1.062100607369617,-0.899030031766489
-0.19915592819736522,0.1637230185273326,0.10169372585728759
1.8215298402538773,0.1637230185273326,0.051342844970556696
-0.798779326689144,-1.062100607369617,-0.42195543536471375
0.13857681638338432,0.1637230185273326,-0.18782383924141505
-0.7350599480022982,-1.062100607369617,-0.37663964256665594
-0.09706465951513923,0.1637230185273326,0.7059042964980583
-0.05137906724909896,0.1637230185273326,-0.17523611901973232
-0.2646786855262914,0.1637230185273326,-0.51573395101625
-0.09185489899357324,-1.062100607369617,-0.6661572076653586
-0.2421364525002847,-1.062100607369617,-0.3451703420124491
-0.8853415015090097,-1.062100607369617,-1.0186133738724747
-0.09936897666890881,0.1637230185273326,-0.464753684118435
0.12525185197245592,0.1637230185273326,-0.6346879071111518
0.16412468047952528,1.3895466444242823,-0.5151045650051659
-0.007697229029814825,0.1637230185273326,-0.2948194611257182
-0.14996376634950168,0.1637230185273326,-0.07579312926843881
-0.2521552227340655,3.841193896218182,-0.5025168447834831
0.21522040867180717,1.3895466444242823,-0.340135253923776
0.6141678393809572,0.1637230185273326,-0.12488523813300144
-0.1202080187551728,0.1637230185273326,0.403799011177673
0.5015568619532614,0.1637230185273326,-0.5969247464461036
3.514902385167502,2.615370270321232,0.7436674571631066
-0.09185489899357324,0.1637230185273326,0.07651828541392215
-0.6093243815683497,-2.287924233266567,-0.622100186889469
-0.7334569447648933,-1.062100607369617,0.4289744516210384
-0.3395188991726337,1.3895466444242823,-0.2129992796847805
0.15811341833925682,0.1637230185273326,-0.28852560101487684
0.7417067844569863,0.1637230185273326,-0.13747295835468415
-0.3626622584126673,0.1637230185273326,-0.6787449278870413
0.045402253209223226,0.1637230185273326,-0.42699052345338684
-0.23963175994183952,0.1637230185273326,-0.08712207746795327
-0.011704737123327131,0.1637230185273326,-0.3640519223449732
0.05131332764715388,1.3895466444242823,0.8695446593799337
-0.2880224201710006,0.1637230185273326,0.11365206006788618
0.11102519824048723,0.1637230185273326,-0.622100186889469
-0.0846413844252511,0.1637230185273326,-0.3640519223449732
-0.2590681741953742,0.1637230185273326,-0.6095124666677864
-0.18803509323786857,0.1637230185273326,0.8768455371085098
-0.17701444598070973,0.1637230185273326,-0.4081089431208627
0.013943314675151626,0.1637230185273326,0.8556981671360827
-0.35534855614200733,0.1637230185273326,-0.6535694874436758
0.4253140204741898,-1.062100607369617,-0.15006067857636687
-0.05799145560339426,0.1637230185273326,0.6933165762763757
-0.39241800600699617,-1.062100607369617,-0.899030031766489
-0.17701444598070973,0.1637230185273326,0.24645250840663893
-0.16278779224874104,0.1637230185273326,-0.8172098503255513
0.16302261575380939,0.1637230185273326,-0.6032186065569449
-0.48058318406426687,0.1637230185273326,-1.4403020012988461
-0.15196752039625783,1.3895466444242823,1.5426981736748608
1.4796893998772773,0.1637230185273326,-0.612659396723207
-0.1685986789843339,1.3895466444242823,2.128316681548206
0.12675466750752304,0.1637230185273326,-0.4144028032317041
-0.3523429250718731,0.1637230185273326,-0.5591615857810555
-0.3499384202157657,-1.062100607369617,-0.3011133212365596
0.32472556732703095,0.1637230185273326,0.08281214552476351
-0.08824814170941217,0.1637230185273326,-0.03677119658122237
-0.432092336132768,2.615370270321232,-0.7857405497713444
-0.33731476972120195,0.1637230185273326,-1.0186133738724747
-0.5407959931692893,-1.062100607369617,1.8627157848707008
-0.21278145571530707,1.3895466444242823,-0.4521659638967523
0.596033865257814,0.1637230185273326,-0.5717493060027381
0.5358210561527916,1.3895466444242823,1.0961236233702227
0.1646256189912143,-1.062100607369617,-0.39552122289918
-0.24574320978444578,0.1637230185273326,-0.7303545807959405
0.06684242150951406,0.1637230185273326,-0.10600365780047735
-0.2106775139662131,0.1637230185273326,-0.33258262179076636
0.2772365964189101,0.1637230185273326,-0.20041155946309777
-0.35053954642979257,1.3895466444242823,-0.781234145931982
-0.34673241374095587,1.3895466444242823,-0.5151045650051659
-0.17551163044564264,-1.062100607369617,-0.9367931924315371
-0.35053954642979257,3.841193896218182,-0.4779330271905368
0.24066808506561033,-1.062100607369617,5.421981791593043
-0.3530442389882378,0.1637230185273326,-0.5780431661135795
-0.3182791062770185,-1.062100607369617,-0.8927361716556476
-0.18082157866954643,-1.062100607369617,-0.3514642021232905
-0.2646786855262914,0.1637230185273326,-0.011595756137856923
0.4350322276009571,0.1637230185273326,0.7436674571631066
-0.43519815490524,0.1637230185273326,-0.6976265082195654
-0.0597948342454748,0.1637230185273326,-0.6661572076653586
0.29897732782621433,0.1637230185273326,0.9324832604883474
0.09850173544826127,0.1637230185273326,0.8695446593799337
-0.1634891061651057,-1.062100607369617,-0.6283940470003104
0.2076061432941338,0.1637230185273326,-0.08712207746795327
0.10852050568204204,2.615370270321232,-0.33510016583510294
-0.12331383752764484,0.1637230185273326,-0.47104754422927636
-0.44050810312914385,0.1637230185273326,-1.1696660165326676
-0.4254799477784727,1.3895466444242823,-0.4521659638967523
-0.7530937344231037,-1.062100607369617,-0.09048299876714255
-0.8531812490585735,0.1637230185273326,-1.333306379414543
-0.15196752039625783,-2.287924233266567,-1.8329004072929085
0.6635603766334963,0.1637230185273326,-0.5780431661135795
0.2613067517471987,1.3895466444242823,0.7184920167197411
0.05131332764715388,0.1637230185273326,-0.055652776913746455
-0.20586850425399833,0.1637230185273326,0.2527463685174803
-0.17430937801758892,1.3895466444242823,-0.4408370156972378
-0.028035332604389777,0.1637230185273326,-0.137598835556901
-0.25095297030601177,-1.062100607369617,0.15204460674401848
-0.027734769497376355,0.1637230185273326,0.334566549958418
0.5103733797589884,0.1637230185273326,-0.07453435724627054
0.1484953989148273,1.3895466444242823,1.3101148671388292
-0.06179858829223095,1.3895466444242823,-0.06194663702458782
0.13236517883844026,0.1637230185273326,0.699610436387217
0.2493844151689996,1.3895466444242823,0.5170884931728175
-0.1594815980715934,0.1637230185273326,0.2527463685174803
-0.14194875016247707,-1.062100607369617,-0.7983282699930272
0.11553364484568857,0.1637230185273326,1.7506850748977245
-0.20336381169555315,0.1637230185273326,0.11428144607897031
1.7165331282038547,1.3895466444242823,0.768842897606472
-0.4700634753187971,-2.287924233266567,-1.2716265503282975
-0.043464238764412154,-1.062100607369617,0.050084072948388424
-0.08434082131823767,0.1637230185273326,0.9073078200449819
-0.17601256895733167,0.1637230185273326,0.7411373253985483
1.3598649078812595,1.3895466444242823,0.7990534261385105
0.21271571611336199,1.3895466444242823,-0.37789841458882417
-0.1765135074690207,0.1637230185273326,0.41638673139935567
-0.2811094687096919,1.3895466444242823,-0.38922736278833864
1.4510357170086645,1.3895466444242823,-0.47734140434011774
0.38654137966945823,0.1637230185273326,-0.5465738655593727
-0.1700013068170632,-1.062100607369617,-0.705179140352575
-0.23582462725300282,0.1637230185273326,-0.47734140434011774
0.40267159974584527,0.1637230185273326,1.1212990638135882
0.3495721175068072,0.1637230185273326,0.14575074663317714
-0.11589994755464708,0.1637230185273326,0.20868934774159076
-0.3323053846043116,0.1637230185273326,-0.6535694874436758
-0.272192763201627,0.1637230185273326,-0.7681177414609887
-0.3323053846043116,-1.062100607369617,-0.5918896583574305
0.055921961954693025,1.3895466444242823,-0.11229751791131871
-0.11189243946113477,1.3895466444242823,-0.6724510677761999
-0.33871739755393127,1.3895466444242823,-0.4521659638967523
-0.9234128283973767,-1.062100607369617,-0.7165080885520895
-0.3102640900899939,0.1637230185273326,-0.6158063267786277
-0.20707075668205202,0.1637230185273326,0.051342844970556696
-0.7959740710236853,0.1637230185273326,-0.32628876167992504
-0.33160407068794695,-1.062100607369617,-0.81091599021471
0.17133819504784742,1.3895466444242823,1.1464745042569537
-0.8224236244408666,0.1637230185273326,-0.32628876167992504
0.1408811335371539,-1.062100607369617,0.7310797369414238
0.08006719821810467,1.3895466444242823,0.42771567959887014
-0.028035332604389777,0.1637230185273326,-0.02544224838170792
-0.09185489899357324,-1.062100607369617,-0.2633501605715114
-0.31326972116012813,0.1637230185273326,-0.5780431661135795
-0.4600447050850163,-1.062100607369617,-1.800310799638972
-0.013508115765407669,-1.062100607369617,-0.5151045650051659
0.028370343811795925,1.3895466444242823,-0.5780431661135795
-0.8264311325343788,-1.062100607369617,-0.09970979768963599
-0.2629754945865487,-1.062100607369617,-1.0249072339833163
0.11242782607321654,0.1637230185273326,0.013579684305508526
0.08988559304720982,0.1637230185273326,-0.16894225890889097
-0.7880592425389985,0.1637230185273326,-0.20041155946309777
-0.46254939764346154,-1.062100607369617,-1.2011353170868744
-0.6254546016447368,-2.287924233266567,0.2388998762736293
-0.10688305434424439,0.1637230185273326,-0.8927361716556476
-0.17040205762641444,0.1637230185273326,-0.5276922852268486
0.16081848630237763,0.1637230185273326,-0.03173610849254928
0.16893369019174004,1.3895466444242823,1.952088598444648
-0.7348595725976227,-1.062100607369617,-0.2646718711947881
0.07345480986380937,1.3895466444242823,0.9438122086878619
-0.03925635526622423,1.3895466444242823,-0.691332648108724
0.03638535999882054,0.1637230185273326,-0.7039203683304067
-0.521660142022768,-1.062100607369617,-0.8046221301038685
-0.03584997338673877,0.1637230185273326,2.6971809338064916
0.15320422092470423,1.3895466444242823,0.17722004718738393
-0.23963175994183952,0.1637230185273326,0.20239548763074938
-0.10668267893956877,0.1637230185273326,2.103141241104841
0.7167600465748722,1.3895466444242823,-0.1626483987980496
-0.07582486661952402,0.1637230185273326,0.07651828541392215
-0.1673964265562802,0.1637230185273326,-0.08838084949012154
0.19428117888320537,0.1637230185273326,1.970970178777172
-0.5815723880207769,0.1637230185273326,-0.746718617084128
0.014243877782165048,0.1637230185273326,-0.5591615857810555
0.12024246685556553,-1.062100607369617,0.051342844970556696
-0.07321998635874102,0.1637230185273326,-1.1319028558676194
-0.3761875982282713,-1.062100607369617,0.3156849696258939
-0.03114115137686181,-1.062100607369617,-1.2451923378627638
-0.5126432488123653,-1.062100607369617,-1.194841456976033
0.14428751541663937,0.1637230185273326,0.6429656953896448
0.09850173544826127,1.3895466444242823,-0.5540635590912739
-0.7348595725976227,-2.287924233266567,0.0009919640838258015
-0.21358295733400953,0.1637230185273326,-0.3904861348105069
0.16412468047952528,0.1637230185273326,-0.21929313979562187
-0.831540705353607,0.1637230185273326,-1.1696660165326676
0.1604177354930264,0.1637230185273326,0.7436674571631066
-0.45253062740968075,1.3895466444242823,-0.9934379334291094
1.078938590526047,1.3895466444242823,-0.5780431661135795
-0.06931266596756652,1.3895466444242823,-1.0186133738724747
0.0075313017255319355,0.1637230185273326,-0.20041155946309777
-0.3323053846043116,-1.062100607369617,-1.2074291771977157
0.11493251863166172,-1.062100607369617,-0.7769291456161665
-0.2120801417989424,0.1637230185273326,0.5800270942812311
0.1368736254436416,0.1637230185273326,0.27792180896084573
-0.47116554004451294,-2.287924233266567,0.08281214552476351
0.026767340574391004,0.1637230185273326,-0.2633501605715114
-0.7517912942927122,-1.062100607369617,0.4099669940862975
-0.3499384202157657,-1.062100607369617,-0.06194663702458782
-0.3116667179227232,-1.062100607369617,0.1646323269657012
-0.10798511906996028,-1.062100607369617,-1.1822537367543502
-0.7348595725976227,-1.062100607369617,0.12686916630065304
0.4990521693948162,-1.062100607369617,1.3352903075821945
-0.2822115334354078,0.1637230185273326,-0.8612668711014408
-0.12191120969491553,0.1637230185273326,-0.16894225890889097
-0.09986991518059786,0.1637230185273326,1.4117858833693604
-0.10267517084605647,0.1637230185273326,-0.9556747727640612
-0.8853415015090097,0.1637230185273326,-0.7920344098821858
-0.3441275334801729,2.615370270321232,-0.2633501605715114
0.535620680748116,2.615370270321232,0.20239548763074938
0.4031725382575343,2.615370270321232,1.6248078726808972
-0.23963175994183952,0.1637230185273326,0.6177902549462793
-0.42197337819664943,-1.062100607369617,-0.770005899494241
0.09850173544826127,0.1637230185273326,-1.2200168974193983
0.23856414331651635,-1.062100607369617,1.6940403339001522
-0.127922471835184,0.1637230185273326,1.3352903075821945
-0.9000690937526675,0.1637230185273326,-1.0563765345375231
-0.9056796050835847,-2.287924233266567,-1.2703677783061293
0.2613067517471987,0.1637230185273326,-0.32628876167992504
-0.13894311909234283,1.3895466444242823,-0.09970979768963599
-0.5145468151567837,-2.287924233266567,0.18980776740906666
0.13246536654077806,1.3895466444242823,1.0241218637021976
-0.09185489899357324,1.3895466444242823,1.22200082558705
0.31691092654468195,1.3895466444242823,-0.5201396530938389
0.5549569072993129,1.3895466444242823,4.728700512663646
-0.12742153332349496,0.1637230185273326,-0.4521659638967523
1.1254256844107895,0.1637230185273326,-0.829797570547234
0.058426654513138214,-1.062100607369617,-1.2086879492198839
-0.1526688343126225,0.1637230185273326,-0.055841592717071696
0.0659407321884738,0.1637230185273326,0.24193351684705483
-0.10187366922735401,1.3895466444242823,-0.20041155946309777
-0.19584973402021758,1.3895466444242823,-0.4584598240075936
0.08517677103733286,0.1637230185273326,0.9324832604883474
0.08457564482330601,0.1637230185273326,-0.011595756137856923
-0.3471331645503071,-1.062100607369617,0.06204240715898701
1.9478665329018527,0.1637230185273326,0.8443692189365684
0.0792656965994022,0.1637230185273326,1.9395008782229652
0.07595950242225455,0.1637230185273326,0.491913052729452
-0.560733345934513,-1.062100607369617,0.41009287128851435
0.749721800644011,-1.062100607369617,-1.2577800580844467
0.30889591035765734,2.615370270321232,-1.144490576089302
-0.45253062740968075,-1.062100607369617,-0.8864423115448062
0.04840788427935745,0.1637230185273326,-0.33887648190160774
0.34897099129278036,0.1637230185273326,1.8513868366711863
-0.2684858182151281,0.1637230185273326,-0.03677119658122237
-0.07582486661952402,1.3895466444242823,-0.16390717082021788
-0.6565127893694571,2.615370270321232,-0.37160455447798285
-0.09185489899357324,-1.062100607369617,-0.5780431661135795
-0.036551287303103426,0.1637230185273326,-0.5780431661135795
0.1185392759158228,1.3895466444242823,-0.33887648190160774
-0.29373311920425565,1.3895466444242823,-1.125608995756778
-0.25716460785095585,0.1637230185273326,-0.26964402068235277
-0.1964508602342444,-1.062100607369617,0.1646323269657012
0.2613067517471987,0.1637230185273326,0.4856191926186107
0.028370343811795925,0.1637230185273326,-0.13747295835468415
0.5363219946644806,0.1637230185273326,-0.5302098292711851
-0.6093243815683497,-2.287924233266567,-0.3149598134804106
-0.17450975342226455,0.1637230185273326,-0.691332648108724
0.05241539237286976,0.1637230185273326,-0.4521659638967523
-0.3022490739029693,0.1637230185273326,-0.6032186065569449
-0.17711463368304756,0.1637230185273326,0.13945688652233576
-0.17200506086381936,0.1637230185273326,-0.2633501605715114
0.25188910772744477,0.1637230185273326,0.08281214552476351
-0.1450545689349491,-1.062100607369617,-0.42699052345338684
-0.8558863170216943,0.1637230185273326,-1.2263107575302399
0.005727923083451399,0.1637230185273326,0.8947200998232993
-0.8009834561405758,0.1637230185273326,-0.5465738655593727
-0.7214344204843565,-2.287924233266567,0.20239548763074938
-0.1976531126622981,-1.062100607369617,-1.107986187446422
-0.8372514043868621,-1.062100607369617,-0.2633501605715114
-0.2120801417989424,1.3895466444242823,-0.5591615857810555
-0.12892434885856208,-2.287924233266567,-0.43957824367506954
-0.4657554041182714,-1.062100607369617,-0.6535694874436758
-0.1202080187551728,0.1637230185273326,-0.05650874188882088
-0.3641650739477344,0.1637230185273326,-0.6787449278870413
-0.6833630935959896,-1.062100607369617,-0.13747295835468415
-0.45253062740968075,0.1637230185273326,-0.6661572076653586
0.13657306233662816,0.1637230185273326,-0.3011133212365596
-0.2120801417989424,-2.287924233266567,-1.5221221827397837
-0.07602524202419964,0.1637230185273326,-0.7731528295496617
-0.3523429250718731,-1.062100607369617,-0.5780431661135795
-0.16098441360666052,0.1637230185273326,-0.26964402068235277
-0.8516784335235064,0.1637230185273326,-0.9430870525423785
0.17424363841564386,0.1637230185273326,1.8136236760061382
-0.01601280832385286,0.1637230185273326,-0.012854528160025195
1.2764085518338657,0.1637230185273326,1.1807760418610391
-0.24584339748678358,0.1637230185273326,0.0009919640838258015
0.08467583252564381,0.1637230185273326,1.2471762660304155
-0.2521552227340655,0.1637230185273326,0.08910600563560486
-0.00368972093630252,1.3895466444242823,0.3030972494042112
-0.34232415483809236,-1.062100607369617,-0.6422405392441614
-0.159681973476269,-1.062100607369617,-0.5843370262244209
-0.5126432488123653,-1.062100607369617,-0.8046221301038685
0.15711154131587873,0.1637230185273326,1.725509634454359
-0.27720214831851736,0.1637230185273326,0.040013896771042244
-0.07542411581017279,0.1637230185273326,-0.6409817672219931
0.331438143383664,0.1637230185273326,-0.5151045650051659
-0.2962378117627008,0.1637230185273326,-0.594407202401767
-0.22580585701922207,-1.062100607369617,-0.7869993217935127
-0.043364051062074346,0.1637230185273326,0.4025402391555047
-0.1593814103692556,0.1637230185273326,-0.8675607312122822
-0.11139150094944573,-1.062100607369617,-0.7920344098821858
-0.13944405760403186,0.1637230185273326,-0.21425805170694878
-0.008298355243841671,-1.062100607369617,-0.829797570547234
-0.6845653460240433,-1.062100607369617,-0.08712207746795327
0.40627835703000637,0.1637230185273326,0.9828341413750783
0.12815729534025233,1.3895466444242823,0.4289744516210384
-0.3323053846043116,-1.062100607369617,-0.5151045650051659
-0.27179201239227574,1.3895466444242823,-0.5780431661135795
0.019553826006068854,0.1637230185273326,-1.1004335553134126
-0.06179858829223095,2.615370270321232,-0.7983282699930272
-0.0690121028605531,0.1637230185273326,0.7373735970522651
-0.17471012882694015,0.1637230185273326,-0.15006067857636687
-0.43449684098887537,-1.062100607369617,-0.9934379334291094
-0.09185489899357324,0.1637230185273326,-0.7794466896605031
-0.41826643321015056,-1.062100607369617,-1.0941396952025713
-0.06991379218159337,-1.062100607369617,0.18980776740906666
-0.17891801232512808,0.1637230185273326,-0.464753684118435
-0.31727722925364044,-1.062100607369617,-0.5276922852268486
-0.021322756547756665,1.3895466444242823,0.20868934774159076
-0.05528638764027345,1.3895466444242823,3.0707592945455917
-0.15196752039625783,0.1637230185273326,-1.2703677783061293
0.16662937303797046,-1.062100607369617,-1.2703677783061293
-0.4284855788486069,0.1637230185273326,-0.4018150830100214
0.06844542474691898,0.1637230185273326,-0.011595756137856923
0.1485955866171651,0.1637230185273326,-0.0808282173571119
-0.48258693811102304,-1.062100607369617,-0.8058809021260368
-0.15196752039625783,0.1637230185273326,-0.47734140434011774
-0.22410266607947932,-1.062100607369617,-0.7165080885520895
0.725175813571248,0.1637230185273326,-0.3904861348105069
0.36049257706162824,-1.062100607369617,0.6177902549462793
-0.4635512746668396,-1.062100607369617,-0.760565109327979
0.31891468059143807,1.3895466444242823,0.26281654469482646
0.02516433733698608,0.1637230185273326,0.46673761228608657
-0.11690182457802516,0.1637230185273326,-0.012854528160025195
-0.5526181420451506,-1.062100607369617,0.6177902549462793
0.14178282285819419,0.1637230185273326,0.6823400842430682
-0.13994499611572092,1.3895466444242823,0.051342844970556696
-0.8252288801063251,0.1637230185273326,-0.43957824367506954
0.42691702371159473,0.1637230185273326,0.542263933616183
-0.17961932624149274,0.1637230185273326,-0.6535694874436758
0.23876451872119198,-3.5137478591635167,-0.9058399884064193
0.5650758652354314,-1.062100607369617,0.1646323269657012
-0.0977659734315039,0.1637230185273326,0.6576933280490135
-0.004190659447991558,0.1637230185273326,0.811011760349109
0.03358010433336192,0.1637230185273326,-0.09970979768963599
0.3217199362568967,1.3895466444242823,0.6807288560546929
2.529055394163475,1.3895466444242823,5.589939742510956
-0.0638023423389871,0.1637230185273326,-0.12488523813300144
-0.13994499611572092,0.1637230185273326,-0.22558699990646322
-0.6512028411455533,-1.062100607369617,-0.11355628993348699
0.7527274317141451,0.1637230185273326,0.24645250840663893
0.605451509277568,1.3895466444242823,0.7310797369414238
0.016147444126583393,1.3895466444242823,1.3101148671388292
-0.3572521224864257,0.1637230185273326,-0.7731528295496617
-0.6579154172021864,0.1637230185273326,-0.829797570547234
-0.28411509977982613,0.1637230185273326,-0.3275475337020933
-0.2185923424508999,0.1637230185273326,-1.106727415424254
0.06543979367678475,1.3895466444242823,0.8695446593799337
-0.4939081484751953,-1.062100607369617,2.6632947909697218
0.5115756321870422,1.3895466444242823,7.100466169112883
0.028370343811795925,-1.062100607369617,-0.7668589694388204
2.4662377047976696,0.1637230185273326,0.07274196934741733
-0.07802899607095579,1.3895466444242823,-0.9569335447862295
0.009835618879301511,0.1637230185273326,-1.0815519749808884
0.19478211739489443,-1.062100607369617,1.0205973020401264
-0.1584797210482153,0.1637230185273326,0.17722004718738393
-0.3022490739029693,0.1637230185273326,0.10169372585728759
2.198736539555723,0.1637230185273326,-0.1626483987980496
-0.7886603687530254,-1.062100607369617,-0.08712207746795327
-0.09185489899357324,0.1637230185273326,-0.7039203683304067
-0.6028121809163922,-1.062100607369617,-0.20041155946309777
-0.11549919674529585,1.3895466444242823,-0.28852560101487684
-0.24924977936626905,0.1637230185273326,-0.06194663702458782
0.354381127219022,1.3895466444242823,0.4819687537543227
-0.16699567574692897,0.1637230185273326,-0.464753684118435
-0.14194875016247707,0.1637230185273326,-0.03677119658122237
0.07195199432874225,0.1637230185273326,-0.4144028032317041
-0.11660126147101173,0.1637230185273326,-0.8165804643144671
-0.011704737123327131,0.1637230185273326,0.21372443583026385
-0.45253062740968075,0.1637230185273326,-0.8046221301038685
-0.0768267436429021,0.1637230185273326,0.403799011177673
-0.03775353973115712,0.1637230185273326,-0.3451703420124491
0.4174993796918408,0.1637230185273326,1.1452157322347853
-0.16198629063003858,-1.062100607369617,-0.9304993323206958
-0.1384421805806538,0.1637230185273326,0.24015864829579756
-0.27589970818812587,0.1637230185273326,-0.5151045650051659
-0.0335456562329692,0.1637230185273326,1.3730534682472426
0.07024880338899951,0.1637230185273326,0.10169372585728759
0.16202073873043132,1.3895466444242823,-0.2129992796847805
-0.11790370160140323,-1.062100607369617,-0.8549730109905994
-0.027133643283349506,-3.5137478591635167,-0.4521659638967523
-0.03124133907919962,0.1637230185273326,-0.5843370262244209
-0.34292528105211917,0.1637230185273326,-0.7039203683304067
-0.15898065955990437,1.3895466444242823,-0.8675607312122822
-0.18803509323786857,0.1637230185273326,0.6109425351456839
-0.4284855788486069,-1.062100607369617,-1.264073918195288
-0.8853415015090097,0.1637230185273326,-1.125608995756778
-0.272192763201627,-1.062100607369617,-0.829797570547234
-0.22710829714961356,0.1637230185273326,-0.5906308863352622
-0.0020867176988975974,0.1637230185273326,-0.47734140434011774
0.01634781953125901,1.3895466444242823,-0.5415387774706996
0.4876307713283061,0.1637230185273326,0.03875512474887397
-0.0034893455316269044,0.1637230185273326,-0.4521659638967523
0.40888323729078935,1.3895466444242823,0.41638673139935567
-0.1647915462954972,-1.062100607369617,-0.42699052345338684
-0.17511087963629138,-2.287924233266567,2.3460087150619873
-0.26117211594446815,1.3895466444242823,-0.6787449278870413
0.8388888557246598,1.3895466444242823,0.11428144607897031
-0.27940627776994914,0.1637230185273326,-0.6095124666677864
-0.06760947502782379,-1.062100607369617,-0.9959554774734459
0.1646256189912143,0.1637230185273326,-0.48992912456180043
-0.19955667900671645,1.3895466444242823,-0.6409817672219931
0.2620080656635633,1.3895466444242823,-0.5291146976118988
-0.7903635596927681,-1.062100607369617,-0.06824049713542918
0.1879693536359235,1.3895466444242823,0.17722004718738393
0.2559968035232949,0.1637230185273326,-0.48363526445095906
-0.14826057540975895,-1.062100607369617,1.069689410904689
-0.23632556576469185,0.1637230185273326,0.5535928818156974
-0.06690816111145914,0.1637230185273326,0.8484979911692803
0.010837495902679588,0.1637230185273326,-0.13747295835468415
0.33805053173795935,-1.062100607369617,3.5759045070417197
0.09198953479630377,0.1637230185273326,0.6177902549462793
0.1576124798275678,0.1637230185273326,-0.03677119658122237
-0.23963175994183952,0.1637230185273326,0.07022442530308079
0.181457152983966,0.1637230185273326,-0.13873173037685244
-0.09185489899357324,0.1637230185273326,-0.6472756273328345
-0.3323053846043116,0.1637230185273326,-0.7794466896605031
0.06443791665340667,0.1637230185273326,0.7940183380498375
-0.7394682069051618,-1.062100607369617,-0.11544444796673939
-0.06600647179041887,0.1637230185273326,-0.6409817672219931
0.703835832973295,0.1637230185273326,1.4234043491339736
-0.3592558765331818,0.1637230185273326,-0.19537647137442468
-0.4284855788486069,0.1637230185273326,-0.6724510677761999
0.3793278651011361,-1.062100607369617,1.517812250796594
-0.6468947699450276,-1.062100607369617,-1.0198721458946431
-0.09315733912396475,-1.062100607369617,0.11428144607897031
-0.0768267436429021,0.1637230185273326,-0.37663964256665594
1.4191760276652416,0.1637230185273326,0.0009919640838258015
-0.09185489899357324,-1.062100607369617,-0.6548282594658441
0.07345480986380937,2.615370270321232,-0.24446858023898732
0.30037995565894365,0.1637230185273326,-0.00530189602701556
-0.6468947699450276,-1.062100607369617,0.0009919640838258015
-0.6794557732048151,0.1637230185273326,0.0374963527267057
-0.03975729377791327,1.3895466444242823,-0.7416835289954549
0.2702234572552636,0.1637230185273326,2.487066707866164
0.35898976152656115,1.3895466444242823,2.5185360084203707
0.08287245388356328,0.1637230185273326,-0.464753684118435
1.3102719952240447,-3.5137478591635167,0.995421861596761
-0.13633823883155982,0.1637230185273326,0.06078363513681874
0.30148202038465954,0.1637230185273326,-0.552867725670214
0.09970398787631496,-1.062100607369617,-0.04935891680290509
-0.516450381501202,0.1637230185273326,-0.5276922852268486
0.08297264158590109,1.3895466444242823,-0.552867725670214
0.24237127600535305,0.1637230185273326,-0.23817472012814594
0.7367975870424337,0.1637230185273326,0.21372443583026385
-0.10457873719047481,0.1637230185273326,0.7059042964980583
-0.3022490739029693,-1.062100607369617,-1.416385332877649
-0.07101585690730926,0.1637230185273326,0.5800270942812311
-0.2472460253195129,-1.062100607369617,-0.011595756137856923
-0.17200506086381936,0.1637230185273326,-0.38293350267749726
-0.11189243946113477,1.3895466444242823,-0.5276922852268486
-0.08804776630473655,1.3895466444242823,-0.15006067857636687
-0.45253062740968075,1.3895466444242823,-0.6095124666677864
-0.0728192355493898,0.1637230185273326,-0.47734140434011774
2.6031942938934525,1.3895466444242823,0.11428144607897031
-0.4861936953951841,-1.062100607369617,1.22200082558705
0.05492008493131495,0.1637230185273326,1.2597639862520982
0.3601920139546148,0.1637230185273326,-0.00530189602701556
-0.8853415015090097,0.1637230185273326,-0.7731528295496617
-0.39241800600699617,1.3895466444242823,-0.9242054722098544
-0.03775353973115712,1.3895466444242823,-0.2268457719286315
-0.23492293793196256,-1.062100607369617,-0.829797570547234
-0.2120801417989424,0.1637230185273326,-0.53398614533769
-0.18202383109760012,0.1637230185273326,-0.32628876167992504
-0.6854670353450835,-1.062100607369617,-0.5151045650051659
5.3470348978189906,0.1637230185273326,-0.2633501605715114
-0.3022490739029693,0.1637230185273326,-0.33887648190160774
0.024563211122959235,0.1637230185273326,0.5548516538378656
-0.3022490739029693,0.1637230185273326,-0.04306505669206373
-0.03975729377791327,1.3895466444242823,1.3730534682472426
-0.1832260835256538,0.1637230185273326,0.6429656953896448
-0.7167255984744795,0.1637230185273326,-0.6409817672219931
0.26611576145941346,-1.062100607369617,1.8136236760061382
-0.3568513716770744,-1.062100607369617,0.27162794885000435
-0.24494170816574332,0.1637230185273326,-0.5402800054485313
0.1485955866171651,-1.062100607369617,-0.42699052345338684
-0.3370142066141885,0.1637230185273326,-0.021665932315203102
0.6996279494751071,0.1637230185273326,1.9395008782229652
-0.17060243303109004,0.1637230185273326,0.27792180896084573
-0.09466015465903185,1.3895466444242823,1.5241061109074354
0.4265162729022435,1.3895466444242823,1.9164401747768425
-0.233119559289882,0.1637230185273326,-0.7794466896605031
0.055921961954693025,1.3895466444242823,0.32701391782540834
-0.02913739733010566,0.1637230185273326,1.442197815424946
-0.6298628605476003,-1.062100607369617,0.3521893582687738
0.42721758681860816,0.1637230185273326,1.1842376649220019
-0.030239462055821544,0.1637230185273326,-0.8801484514339649
-0.2120801417989424,0.1637230185273326,-0.3074071813474009
-0.38971293804387536,-1.062100607369617,-1.3647756799687498
-0.03314490542361796,0.1637230185273326,0.11428144607897031
-0.5196563879760119,-1.062100607369617,-1.2388984777519225
-0.05318244589117949,-1.062100607369617,-0.42699052345338684
-0.689374355736258,-1.062100607369617,-1.5850607838481974
-0.625855352454088,0.1637230185273326,-1.282955498527812
-0.39241800600699617,0.1637230185273326,-0.6346879071111518
-0.007697229029814825,2.615370270321232,0.9450709807100302
-0.143551753399882,0.1637230185273326,-0.055652776913746455
-0.05177981805845019,0.1637230185273326,0.5800270942812311
0.026366589765039774,0.1637230185273326,-0.6095124666677864
-0.16429060778380816,-1.062100607369617,-1.0186133738724747
-0.3323053846043116,-1.062100607369617,-0.6976265082195654
-0.8164123623005981,0.1637230185273326,-0.7039203683304067
-0.08684551387668286,-1.062100607369617,-0.16390717082021788
-0.12732134562115716,1.3895466444242823,-0.5780431661135795
-0.6410838832094348,-1.062100607369617,-1.6165300844024042
0.2938677550069862,0.1637230185273326,0.24015864829579756
-0.09586240708708554,0.1637230185273326,-0.6598633475545173
-0.22270003824675003,0.1637230185273326,-0.7290958087737722
0.31841374207974904,0.1637230185273326,-0.32628876167992504
-0.11439713201957996,0.1637230185273326,0.5989086746137552
-0.29643818716737647,0.1637230185273326,-0.04935891680290509
0.05872721762015164,0.1637230185273326,-0.31577801529481997
-0.45253062740968075,-1.062100607369617,-0.9116177519881716
1.028343800845454,0.1637230185273326,1.0268911621509678
0.4798161305459572,0.1637230185273326,1.2907675411581028
0.568983185626606,0.1637230185273326,0.4289744516210384
-0.5276714041630365,1.3895466444242823,-0.7416835289954549
0.11282857688256777,3.841193896218182,0.24015864829579756
-0.12722115791881933,1.3895466444242823,-0.12488523813300144
-0.45253062740968075,-1.062100607369617,-0.5793019381357478
0.42110613697600185,1.3895466444242823,2.8835798948491695
-0.020120504119702974,0.1637230185273326,0.6807288560546929
-0.03254377920959112,1.3895466444242823,-0.13747295835468415
-0.10417798638112358,0.1637230185273326,-0.8927361716556476
0.2023963827725678,0.1637230185273326,-0.3904861348105069
-0.8415594755873879,0.1637230185273326,-0.04306505669206373
0.6231847325913599,0.1637230185273326,1.6877464737893109
-0.06760947502782379,1.3895466444242823,0.10169372585728759
0.5651760529377693,0.1637230185273326,0.995421861596761
0.19999187791646042,1.3895466444242823,-0.9569335447862295
-0.20216155926749946,0.1637230185273326,-0.301969286211634
-0.7350599480022982,-1.062100607369617,-0.4628403506447392
-0.3022490739029693,0.1637230185273326,0.4415621718427211
-0.13403392167779027,0.1637230185273326,0.15204460674401848
-0.7866566147062692,1.3895466444242823,-0.6787449278870413
-0.6093243815683497,-2.287924233266567,-0.464753684118435
0.011839372926057664,0.1637230185273326,0.6429656953896448
-0.5126432488123653,-1.062100607369617,-0.9556747727640612
-0.09185489899357324,0.1637230185273326,-0.19411769935225642
-0.0768267436429021,0.1637230185273326,1.175426260766824
0.08848296521448051,-1.062100607369617,3.594786087374244
0.010837495902679588,0.1637230185273326,0.8695446593799337
0.047506194958317184,0.1637230185273326,0.7310797369414238
-0.4232758183270409,-1.062100607369617,-1.1319028558676194
0.04820750887468184,0.1637230185273326,-0.8046221301038685
-0.8579902587707883,-1.062100607369617,-1.2326046176410812
-0.07832955917796922,0.1637230185273326,-0.16894225890889097
-0.23091542983845026,-1.062100607369617,-1.541003763072308
0.24126921127963716,1.3895466444242823,0.7121981566088997
-0.3323053846043116,1.3895466444242823,-0.3011133212365596
1.4849993481011812,0.1637230185273326,-0.8675607312122822
-0.14595625825598937,-1.062100607369617,-0.9556747727640612
-0.5090364915282043,0.1637230185273326,-0.6976265082195654
0.6186762859861585,2.615370270321232,0.8695446593799337
-0.2000576175184055,2.615370270321232,-0.5654554458918968
0.4383384217781048,0.1637230185273326,2.4744789876444813
-0.45253062740968075,0.1637230185273326,-0.6283940470003104
-0.14194875016247707,0.1637230185273326,0.6807288560546929
-0.15757803172717505,1.3895466444242823,-0.7165080885520895
-0.2683856305127903,0.1637230185273326,-0.7290958087737722
0.028370343811795925,0.1637230185273326,-0.22558699990646322
-0.6483975854800946,-1.062100607369617,0.8264694807813354
0.21522040867180717,1.3895466444242823,1.2624451706593167
4.677079732286071,0.1637230185273326,-0.2633501605715114
-0.44050810312914385,1.3895466444242823,-0.5465738655593727
-0.3323053846043116,0.1637230185273326,-0.5402800054485313
-0.43539853030991565,0.1637230185273326,-0.5472032515704568
-0.45253062740968075,0.1637230185273326,-0.7668589694388204
-0.3107650286016829,0.1637230185273326,0.15204460674401848
-0.3761875982282713,-1.062100607369617,0.1631092128188776
0.47480674542906676,0.1637230185273326,1.2839575845181723
-0.010702860099949054,0.1637230185273326,-0.9556747727640612
-0.6687356890546696,-1.062100607369617,1.1842376649220019
-0.20757169519374108,-1.062100607369617,-0.6032186065569449
-0.17400881491057552,0.1637230185273326,-0.8675607312122822
-0.2782040253418955,0.1637230185273326,-0.6976265082195654
1.0045993153913935,0.1637230185273326,0.4289744516210384
0.1906744215990443,0.1637230185273326,0.6177902549462793
-0.09185489899357324,0.1637230185273326,-0.5151045650051659
-0.3323053846043116,-1.062100607369617,-1.144490576089302
0.04780675806533061,-1.062100607369617,0.9576587009317128
0.25409323717887655,1.3895466444242823,0.3282726898475766
-0.6894745434385958,-2.287924233266567,-0.06320540904675609
0.08247170307421205,1.3895466444242823,-0.7353896688846135
0.6039486937425008,0.1637230185273326,2.002439479331379
-0.13152922911934506,0.1637230185273326,-0.7165080885520895
0.5875179105591004,0.1637230185273326,0.5296762133945002
0.1185392759158228,0.1637230185273326,-0.012854528160025195
-0.6485979608847703,-1.062100607369617,-0.6724510677761999
-0.6093243815683497,-2.287924233266567,-0.5591615857810555
0.9190390175949058,1.3895466444242823,1.1838600333153513
-0.10157310612034058,-1.062100607369617,-0.464753684118435
0.02045551532710912,0.1637230185273326,-0.48992912456180043
0.04279737294844022,0.1637230185273326,1.1338867840352709
0.04139474511571092,0.1637230185273326,-0.5151045650051659
-0.3323053846043116,-1.062100607369617,-0.7794466896605031
0.20329807209360806,0.1637230185273326,0.02490863250502298
1.143459470831595,1.3895466444242823,0.14121916735337134
-0.5599318443158106,-1.062100607369617,-0.46790061417385564
0.028370343811795925,1.3895466444242823,-1.4654774417422116
-0.025630827748282393,0.1637230185273326,0.07022442530308079
0.6896091792413264,0.1637230185273326,-0.2633501605715114
-0.2120801417989424,0.1637230185273326,-0.08712207746795327
-0.15196752039625783,0.1637230185273326,-0.760565109327979
0.19307892645515168,-1.062100607369617,2.6899429946790243
-0.3115665302203854,-1.062100607369617,-0.39300367885484344
0.10691750244463712,0.1637230185273326,0.20239548763074938
0.10110661570904426,0.1637230185273326,0.12686916630065304
-0.61022607088939,-2.287924233266567,-0.39803876694351653
0.048708447386370875,0.1637230185273326,1.6248078726808972
-0.16659492493757774,-1.062100607369617,-0.7542712492171376
-0.20206137156516166,0.1637230185273326,-0.016630844226530012
-0.2120801417989424,0.1637230185273326,-0.6535694874436758
1.5654500730784406,0.1637230185273326,-0.28978437303704513
-0.05177981805845019,0.1637230185273326,0.7436674571631066
0.12525185197245592,-1.062100607369617,-0.8675607312122822
-0.9000690937526675,-2.287924233266567,-1.1193151356459365
-0.15196752039625783,1.3895466444242823,-0.5654554458918968
-0.12571834238375224,0.1637230185273326,1.336423202402146
-0.6854670353450835,-1.062100607369617,-0.4521659638967523
0.6712748297135076,0.1637230185273326,-1.213723037308557
-0.3022490739029693,-1.062100607369617,0.051342844970556696
-0.2604708020281035,0.1637230185273326,-0.07453435724627054
0.26631613686408906,0.1637230185273326,0.36603585051262477
-0.1477596368980699,1.3895466444242823,1.0772420430376988
-0.08013293782004975,-1.062100607369617,-0.4883556595340901
-0.05809164330573207,0.1637230185273326,-0.42069666334254546
